{
    "0": {
        "min": 0,
        "max": 0
    },
    "1": {
        "min": 0.0139,
        "max": 0.10173
    },
    "2": {
        "min": 0.0278,
        "max": 0.20126
    },
    "3": {
        "min": 0.0417,
        "max": 0.28785
    },
    "4": {
        "min": 0.0556,
        "max": 0.35163
    },
    "5": {
        "min": 0.0695,
        "max": 0.41322
    },
    "6": {
        "min": 0.0849,
        "max": 0.47242999999999996
    },
    "7": {
        "min": 0.1002,
        "max": 0.5273
    },
    "8": {
        "min": 0.1294,
        "max": 0.57825
    },
    "9": {
        "min": 0.1692,
        "max": 0.62716
    },
    "10": {
        "min": 0.2043,
        "max": 0.672
    },
    "11": {
        "min": 0.2441,
        "max": 0.7160000000000001
    },
    "12": {
        "min": 0.2883,
        "max": 0.7587100000000001
    },
    "13": {
        "min": 0.34214,
        "max": 0.79851
    },
    "14": {
        "min": 0.39105,
        "max": 0.8336100000000001
    },
    "15": {
        "min": 0.43204,
        "max": 0.8634100000000001
    },
    "16": {
        "min": 0.43376,
        "max": 0.89251
    },
    "17": {
        "min": 0.48371,
        "max": 0.91781
    },
    "18": {
        "min": 0.48426,
        "max": 0.93301
    },
    "19": {
        "min": 0.54394,
        "max": 0.94691
    },
    "20": {
        "min": 0.54463,
        "max": 0.96081
    },
    "21": {
        "min": 0.60382,
        "max": 0.9747100000000001
    },
    "22": {
        "min": 0.60457,
        "max": 0.9886100000000001
    },
    "23": {
        "min": 0.60534,
        "max": 1.0
    },
    "24": {
        "min": 0.66694,
        "max": 1.0
    },
    "25": {
        "min": 0.66747,
        "max": 1.0
    },
    "26": {
        "min": 0.66812,
        "max": 1.0
    },
    "27": {
        "min": 0.75215,
        "max": 1.0
    },
    "28": {
        "min": 0.75292,
        "max": 1.0
    },
    "29": {
        "min": 0.75365,
        "max": 1.0
    },
    "30": {
        "min": 0.84904,
        "max": 1.0
    },
    "31": {
        "min": 0.84961,
        "max": 1.0
    },
    "32": {
        "min": 0.85038,
        "max": 1.0
    },
    "33": {
        "min": 0.92527,
        "max": 1.0
    },
    "34": {
        "min": 0.92604,
        "max": 1.0
    },
    "35": {
        "min": 0.92671,
        "max": 1.0
    },
    "36": {
        "min": 0.92733,
        "max": 1.0
    },
    "37": {
        "min": 0.99812,
        "max": 1.0
    },
    "38": {
        "min": 0.99848,
        "max": 1.0
    },
    "39": {
        "min": 0.99873,
        "max": 1.0
    },
    "40": {
        "min": 1.0,
        "max": 1.0
    }
}