{
    "0": {
        "min": 0,
        "max": 0
    },
    "1": {
        "min": 0.013916430594900851,
        "max": 0.06349150141643059
    },
    "2": {
        "min": 0.027832861189801703,
        "max": 0.1241501416430595
    },
    "3": {
        "min": 0.04174929178470255,
        "max": 0.17347733711048158
    },
    "4": {
        "min": 0.055665722379603405,
        "max": 0.21572237960339946
    },
    "5": {
        "min": 0.06958215297450425,
        "max": 0.2523016997167139
    },
    "6": {
        "min": 0.08491501416430594,
        "max": 0.28888101983002834
    },
    "7": {
        "min": 0.10024787535410765,
        "max": 0.3212110481586402
    },
    "8": {
        "min": 0.11558073654390935,
        "max": 0.3535410764872522
    },
    "9": {
        "min": 0.13091359773371106,
        "max": 0.38445467422096324
    },
    "10": {
        "min": 0.1476628895184136,
        "max": 0.41536827195467424
    },
    "11": {
        "min": 0.16441218130311616,
        "max": 0.44486543909348447
    },
    "12": {
        "min": 0.18257790368271953,
        "max": 0.47436260623229465
    },
    "13": {
        "min": 0.20074362606232296,
        "max": 0.5010269121813031
    },
    "14": {
        "min": 0.21890934844192633,
        "max": 0.5262747875354108
    },
    "15": {
        "min": 0.23707507082152976,
        "max": 0.5515226628895185
    },
    "16": {
        "min": 0.25524079320113313,
        "max": 0.5753541076487252
    },
    "17": {
        "min": 0.2734065155807366,
        "max": 0.599185552407932
    },
    "18": {
        "min": 0.2944050991501417,
        "max": 0.621600566572238
    },
    "19": {
        "min": 0.3154036827195468,
        "max": 0.642599150141643
    },
    "20": {
        "min": 0.33640226628895187,
        "max": 0.6635977337110481
    },
    "21": {
        "min": 0.35740084985835696,
        "max": 0.6845963172804532
    },
    "22": {
        "min": 0.37839943342776206,
        "max": 0.7055949008498583
    },
    "23": {
        "min": 0.40081444759206797,
        "max": 0.7265934844192634
    },
    "24": {
        "min": 0.4246458923512748,
        "max": 0.7447592067988668
    },
    "25": {
        "min": 0.4484773371104816,
        "max": 0.7629249291784701
    },
    "26": {
        "min": 0.47372521246458926,
        "max": 0.7810906515580736
    },
    "27": {
        "min": 0.4989730878186969,
        "max": 0.799256373937677
    },
    "28": {
        "min": 0.5256373937677054,
        "max": 0.8174220963172802
    },
    "29": {
        "min": 0.5551345609065156,
        "max": 0.8355878186968837
    },
    "30": {
        "min": 0.5846317280453258,
        "max": 0.8523371104815862
    },
    "31": {
        "min": 0.6155453257790369,
        "max": 0.8690864022662889
    },
    "32": {
        "min": 0.6464589235127479,
        "max": 0.8844192634560906
    },
    "33": {
        "min": 0.6787889518413597,
        "max": 0.8997521246458922
    },
    "34": {
        "min": 0.7111189801699717,
        "max": 0.915084985835694
    },
    "35": {
        "min": 0.7476983002832861,
        "max": 0.9304178470254956
    },
    "36": {
        "min": 0.7842776203966005,
        "max": 0.9443342776203965
    },
    "37": {
        "min": 0.8265226628895184,
        "max": 0.9582507082152973
    },
    "38": {
        "min": 0.8758498583569405,
        "max": 0.9721671388101982
    },
    "39": {
        "min": 0.9365084985835694,
        "max": 0.9860835694050991
    },
    "40": {
        "min": 1.0,
        "max": 1.0
    }
}