{
    "dataset3": {
        "precision_testcase": 0.26881720430107525,
        "recall_testcase": 0.17341040462427745,
        "f1_testcase": 0.21082220660576245
    }
}