{
    "dataset6": {
        "precision_testcase": 0.8206521739130435,
        "recall_testcase": 0.263986013986014,
        "f1_testcase": 0.39947089947089953
    }
}