{
    "dataset2": {
        "precision_testcase": 0.3333333333333333,
        "recall_testcase": 0.10416666666666667,
        "f1_testcase": 0.15873015873015875
    }
}