{
    "dataset4": {
        "precision_testcase": 0.3942652329749104,
        "recall_testcase": 0.1891025641025641,
        "f1_testcase": 0.25560741222110633
    }
}