{
    "dataset1": {
        "precision_testcase": 0.7880597014925373,
        "recall_testcase": 0.23394495412844038,
        "f1_testcase": 0.3607862052333294
    }
}