{
    "dataset5": {
        "precision_testcase": 0.8230563002680965,
        "recall_testcase": 0.824,
        "f1_testcase": 0.8235278797822747
    }
}