{
    "dataset2": {
        "precision_testcase": 0.7432432432432432,
        "recall_testcase": 0.7432432432432432,
        "f1_testcase": 0.7432432432432431
    }
}