{
    "dataset3": {
        "precision_testcase": 0.7787610619469026,
        "recall_testcase": 0.7063492063492064,
        "f1_testcase": 0.7407897848191062
    }
}