{
    "dataset1": {
        "precision_testcase": 0.8954545454545455,
        "recall_testcase": 0.7241379310344828,
        "f1_testcase": 0.8007355075970194
    }
}