{
    "dataset5": {
        "precision_testcase": 0.7888888888888889,
        "recall_testcase": 0.8218390804597702,
        "f1_testcase": 0.8050269584522678
    }
}