{
    "dataset4": {
        "precision_testcase": 0.864696734059098,
        "recall_testcase": 0.905448717948718,
        "f1_testcase": 0.8846036334248049
    }
}