{
    "dataset2": {
        "precision_testcase": 0.8513513513513513,
        "recall_testcase": 0.875,
        "f1_testcase": 0.863013698630137
    }
}