{
    "dataset4": {
        "precision_testcase": 0.7974683544303798,
        "recall_testcase": 0.8405172413793104,
        "f1_testcase": 0.8184271010292795
    }
}