{
    "dataset3": {
        "precision_testcase": 0.7983870967741935,
        "recall_testcase": 0.5838150289017341,
        "f1_testcase": 0.674446055782267
    }
}