{
    "dataset6": {
        "precision_testcase": 0.8627450980392157,
        "recall_testcase": 0.8725490196078431,
        "f1_testcase": 0.8676193641298328
    }
}