{
    "dataset1": {
        "precision_testcase": 0.8878648233486943,
        "recall_testcase": 0.47522935779816516,
        "f1_testcase": 0.6190906478033328
    }
}