{
    "testcase_reuse_precision": 0.31063829787234043,
    "testcase_reuse_recall": 0.714975845410628,
    "testcase_reuse_f1": 0.43310416708424365
}