{
    "testcase_reuse_precision": 0.2076923076923077,
    "testcase_reuse_recall": 0.7941176470588235,
    "testcase_reuse_f1": 0.32926829268292684
}