{
    "testcase_reuse_precision": 0.17182564750473783,
    "testcase_reuse_recall": 1.0,
    "testcase_reuse_f1": 0.29326145552560645
}