{
    "dataset4": {
        "precision_testcase": 0.9483793517406963,
        "recall_testcase": 0.8448275862068966,
        "f1_testcase": 0.8936135831111419
    }
}