{
    "dataset1": {
        "precision_testcase": 0.048484848484848485,
        "recall_testcase": 0.7211009174311926,
        "f1_testcase": 0.09086048695903476
    }
}