{
    "rule_pre": 0.42857142857142855,
    "rule_rec": 1.0,
    "rule_f1": 0.6,
    "req_pre": 0.5806451612903226,
    "req_rec": 0.9722222222222222,
    "req_f1": 0.727062896710906,
    "sce_pre": 0.5806451612903226,
    "sce_rec": 0.9722222222222222,
    "sce_f1": 0.727062896710906
}