{
    "rule_pre": 0.7105263157894737,
    "rule_rec": 1.0,
    "rule_f1": 0.8307692307692308,
    "req_pre": 0.636986301369863,
    "req_rec": 0.9081632653061225,
    "req_f1": 0.7487787226343404,
    "sce_pre": 0.636986301369863,
    "sce_rec": 0.9081632653061225,
    "sce_f1": 0.7487787226343404
}