{
    "dataset6": {
        "precision_testcase": 0.6737588652482269,
        "precision_changed_testcase": 0.9444444444444444,
        "recall_testcase": 0.9411764705882353,
        "recall_changed_testcase": 0.9444444444444444,
        "f1_testcase": 0.7853267889434254,
        "f1_changed_testcase": 0.9444444444444444
    }
}