{
    "testcase_reuse_precision": 1.0,
    "testcase_reuse_recall": 0.9333333333333333,
    "testcase_reuse_f1": 0.9655172413793104,
    "scenario_reuse_precision": 1.0,
    "scenario_reuse_recall": 0.8333333333333334,
    "scenario_reuse_f1": 0.9090909090909091
}