{
    "rule_pre": 0.7647058823529411,
    "rule_rec": 1.0,
    "rule_f1": 0.8666666666666666,
    "req_pre": 0.8760717069368668,
    "req_rec": 0.9620018535681186,
    "req_f1": 0.9170281582205105,
    "sce_pre": 0.9133425034387895,
    "sce_rec": 0.9372128637059725,
    "sce_f1": 0.9251237313833783
}