{
    "dataset3": {
        "change": 1.0,
        "precision_testcase": 0.4484304932735426,
        "recall_testcase": 0.2543352601156069,
        "f1_testcase": 0.32457952198288575,
        "precision_changed_testcase": 0.4,
        "recall_changed_testcase": 0.16774193548387098,
        "f1_changed_testcase": 0.2363636363636364
    }
}