{
    "rule_pre": 0.7547169811320755,
    "rule_rec": 1.0,
    "rule_f1": 0.8602150537634409,
    "req_pre": 0.8403041825095057,
    "req_rec": 0.9430051813471503,
    "req_f1": 0.8886974005457418,
    "sce_pre": 0.7928286852589641,
    "sce_rec": 0.9430051813471503,
    "sce_f1": 0.8614206376577198
}