{
    "testcase_reuse_precision": 0.20689655172413793,
    "testcase_reuse_recall": 0.9044117647058824,
    "testcase_reuse_f1": 0.3367556468172484
}