{
    "rule_pre": 0.8461538461538461,
    "rule_rec": 0.275,
    "rule_f1": 0.41509433962264153
}