{
    "testcase_reuse_precision": 0.17193426042983564,
    "testcase_reuse_recall": 1.0,
    "testcase_reuse_f1": 0.29341963322545844
}