{
    "rule_pre": 0.8333333333333334,
    "rule_rec": 0.37037037037037035,
    "rule_f1": 0.5128205128205128
}