{
    "testcase_reuse_precision": 0.27167630057803466,
    "testcase_reuse_recall": 0.463768115942029,
    "testcase_reuse_f1": 0.3426358355165736
}