{
    "testcase_reuse_precision": 0.15151515151515152,
    "testcase_reuse_recall": 1.0,
    "testcase_reuse_f1": 0.2631578947368421
}