{
    "rule_pre": 1.0,
    "rule_rec": 0.08333333333333333,
    "rule_f1": 0.15384615384615385
}