{
    "dataset5": {
        "change": 0.37037037037037035,
        "precision_testcase": 0.32653061224489793,
        "precision_changed_testcase": 0.06329113924050633,
        "recall_testcase": 0.4746666666666667,
        "recall_changed_testcase": 0.11904761904761904,
        "f1_testcase": 0.3869039532672191,
        "f1_changed_testcase": 0.08264462809917356
    }
}