{
    "testcase_reuse_precision": 0.1956521739130435,
    "testcase_reuse_recall": 1.0,
    "testcase_reuse_f1": 0.32727272727272727
}