{
    "testcase_reuse_precision": 1.0,
    "testcase_reuse_recall": 0.00966183574879227,
    "testcase_reuse_f1": 0.019138755980861243
}