{
    "rule_pre": 0.6153846153846154,
    "rule_rec": 1.0,
    "rule_f1": 0.761904761904762
}