{
    "rule_pre": 0.7647058823529411,
    "rule_rec": 1.0,
    "rule_f1": 0.8666666666666666
}