{
    "dataset2": {
        "precision_testcase": 0.8245614035087719,
        "recall_testcase": 0.9791666666666666,
        "f1_testcase": 0.8952380952380952
    }
}