{
    "testcase_reuse_precision": 0.6666666666666666,
    "testcase_reuse_recall": 0.1323529411764706,
    "testcase_reuse_f1": 0.22085889570552147
}