{
    "testcase_reuse_precision": 0.8833333333333333,
    "testcase_reuse_recall": 1.0,
    "testcase_reuse_f1": 0.9380530973451328
}