{
    "testcase_reuse_precision": 0.6666666666666666,
    "testcase_reuse_recall": 0.037267080745341616,
    "testcase_reuse_f1": 0.07058823529411765
}