{
    "dataset2": {
        "change": 1.0,
        "precision_testcase": 0.11928429423459244,
        "recall_testcase": 0.1388888888888889,
        "f1_testcase": 0.1283422459893048,
        "precision_changed_testcase": 0.06479481641468683,
        "recall_changed_testcase": 0.03875968992248062,
        "f1_changed_testcase": 0.04850444624090542
    }
}