{
    "rule_pre": 0.7272727272727273,
    "rule_rec": 1.0,
    "rule_f1": 0.8421052631578948
}