{
    "rule_pre": 0.6,
    "rule_rec": 1.0,
    "rule_f1": 0.7499999999999999,
    "req_pre": 0.782608695652174,
    "req_rec": 0.9722222222222222,
    "req_f1": 0.8671713695801789,
    "sce_pre": 0.8181818181818182,
    "sce_rec": 0.9722222222222222,
    "sce_f1": 0.8885754583921016
}