{
    "dataset6": {
        "precision_testcase": 0.9411764705882353,
        "precision_changed_testcase": 0.9444444444444444,
        "recall_testcase": 0.9509803921568627,
        "recall_changed_testcase": 0.9444444444444444,
        "f1_testcase": 0.9460530326120085,
        "f1_changed_testcase": 0.9444444444444444
    }
}