{
    "rule_pre": 0.84375,
    "rule_rec": 1.0,
    "rule_f1": 0.9152542372881356,
    "req_pre": 0.8017241379310345,
    "req_rec": 0.9081632653061225,
    "req_f1": 0.851630826216689,
    "sce_pre": 0.8017241379310345,
    "sce_rec": 0.9081632653061225,
    "sce_f1": 0.851630826216689
}