{
    "dataset1": {
        "change": 1.0,
        "precision_testcase": 0.9721946375372393,
        "precision_changed_testcase": 0.9645293315143247,
        "recall_testcase": 0.7055045871559633,
        "recall_changed_testcase": 0.6132530120481928,
        "f1_testcase": 0.8176528501601689,
        "f1_changed_testcase": 0.7497872189701711
    }
}