{
    "testcase_reuse_precision": 0.9927007299270073,
    "testcase_reuse_recall": 1.0,
    "testcase_reuse_f1": 0.9963369963369962,
    "scenario_reuse_precision": 0.9767441860465116,
    "scenario_reuse_recall": 1.0,
    "scenario_reuse_f1": 0.988235294117647
}