{
    "testcase_reuse_precision": 0.22388059701492538,
    "testcase_reuse_recall": 0.9044117647058824,
    "testcase_reuse_f1": 0.3589145024803035
}