{
    "testcase_reuse_precision": 0.37435897435897436,
    "testcase_reuse_recall": 0.714975845410628,
    "testcase_reuse_f1": 0.4914147961156216
}