{
    "testcase_reuse_precision": 0.16666666666666666,
    "testcase_reuse_recall": 1.0,
    "testcase_reuse_f1": 0.2857142857142857
}