{
    "testcase_reuse_precision": 0.2766323024054983,
    "testcase_reuse_recall": 0.9503105590062112,
    "testcase_reuse_f1": 0.4285229674602277
}