{
    "testcase_reuse_precision": 0.09146341463414634,
    "testcase_reuse_recall": 1.0,
    "testcase_reuse_f1": 0.16759776536312848
}