{
    "testcase_reuse_precision": 0.32142857142857145,
    "testcase_reuse_recall": 1.0,
    "testcase_reuse_f1": 0.4864864864864865
}