{
    "dataset6": {
        "change": 0.0,
        "precision_testcase": 0.33505154639175255,
        "recall_testcase": 0.3304195804195804,
        "f1_testcase": 0.3327194431655066,
        "precision_changed_testcase": 0.10144927536231885,
        "recall_changed_testcase": 0.08759124087591241,
        "f1_changed_testcase": 0.09401231113598209
    }
}