{
    "rule_pre": 1.0,
    "rule_rec": 1.0,
    "rule_f1": 1.0,
    "req_pre": 0.9180327868852459,
    "req_rec": 0.9838709677419355,
    "req_f1": 0.9498123175309329,
    "sce_pre": 0.9180327868852459,
    "sce_rec": 0.9838709677419355,
    "sce_f1": 0.9498123175309329
}