{
    "rule_pre": 1.0,
    "rule_rec": 1.0,
    "rule_f1": 1.0,
    "req_pre": 0.8918918918918919,
    "req_rec": 1.0,
    "req_f1": 0.9428571428571428,
    "sce_pre": 0.8918918918918919,
    "sce_rec": 1.0,
    "sce_f1": 0.9428571428571428
}