{
    "dataset5": {
        "change": 1.0,
        "precision_testcase": 0.9501466275659824,
        "precision_changed_testcase": 0.8988095238095238,
        "recall_testcase": 0.864,
        "recall_changed_testcase": 0.8988095238095238,
        "f1_testcase": 0.9050279329608939,
        "f1_changed_testcase": 0.8988095238095238
    }
}