{
    "rule_pre": 1.0,
    "rule_rec": 1.0,
    "rule_f1": 1.0,
    "req_pre": 0.8877551020408163,
    "req_rec": 0.9740932642487047,
    "req_f1": 0.9289223342325712,
    "sce_pre": 0.8877551020408163,
    "sce_rec": 0.9740932642487047,
    "sce_f1": 0.9289223342325712
}