{
    "rule_pre": 1.0,
    "rule_rec": 1.0,
    "rule_f1": 1.0,
    "req_pre": 0.95274831243973,
    "req_rec": 0.9981464318813716,
    "req_f1": 0.974919155747329,
    "sce_pre": 0.9236760124610592,
    "sce_rec": 0.996937212863706,
    "sce_f1": 0.9589093496909353
}