{
    "rule_pre": 1.0,
    "rule_rec": 1.0,
    "rule_f1": 1.0,
    "req_pre": 0.8846153846153846,
    "req_rec": 0.9795918367346939,
    "req_f1": 0.9296842105263157,
    "sce_pre": 0.8846153846153846,
    "sce_rec": 0.9795918367346939,
    "sce_f1": 0.9296842105263157
}