{
    "dataset1": {
        "change": 1.0,
        "precision_testcase": 0.8961038961038961,
        "precision_changed_testcase": 0.9247311827956989,
        "recall_testcase": 0.9612068965517241,
        "recall_changed_testcase": 0.9685863874345549,
        "f1_testcase": 0.9275143916332619,
        "f1_changed_testcase": 0.9461508727067289
    }
}