{
    "rule_pre": 1.0,
    "rule_rec": 0.75,
    "rule_f1": 0.8571428571428571,
    "req_pre": 0.09090909090909091,
    "req_rec": 0.016129032258064516,
    "req_f1": 0.0273972602739726,
    "sce_pre": 0.0,
    "sce_rec": 0.0,
    "sce_f1": 0
}