{
    "rule_pre": 1.0,
    "rule_rec": 1.0,
    "rule_f1": 1.0,
    "req_pre": 0.7906976744186046,
    "req_rec": 0.8055555555555556,
    "req_f1": 0.7980574666127074,
    "sce_pre": 0.8095238095238095,
    "sce_rec": 0.8055555555555556,
    "sce_f1": 0.8075348075348074
}