{
    "dataset2": {
        "change": 0.75,
        "precision_testcase": 0.25748502994011974,
        "precision_changed_testcase": 0.16778523489932887,
        "recall_testcase": 0.08680555555555555,
        "recall_changed_testcase": 0.027131782945736434,
        "f1_testcase": 0.12983875837912917,
        "f1_changed_testcase": 0.04671026291205125
    }
}