{
    "rule_pre": 0.3333333333333333,
    "rule_rec": 0.037037037037037035,
    "rule_f1": 0.06666666666666667,
    "req_pre": 0.0,
    "req_rec": 0.0,
    "req_f1": 0,
    "sce_pre": 0.0,
    "sce_rec": 0.0,
    "sce_f1": 0
}