{
    "rule_pre": 0.8571428571428571,
    "rule_rec": 0.5,
    "rule_f1": 0.631578947368421,
    "req_pre": 0.11627906976744186,
    "req_rec": 0.0027803521779425394,
    "req_f1": 0.005430847212165098,
    "sce_pre": 0.12195121951219512,
    "sce_rec": 0.004594180704441042,
    "sce_f1": 0.00885478158205431
}