{
    "rule_pre": 0.6666666666666666,
    "rule_rec": 0.05,
    "rule_f1": 0.09302325581395349,
    "req_pre": 0.0,
    "req_rec": 0.0,
    "req_f1": 0,
    "sce_pre": 0.0,
    "sce_rec": 0.0,
    "sce_f1": 0
}