{
    "dataset1": {
        "change": 0.5,
        "precision_testcase": 0.4229828850855746,
        "precision_changed_testcase": 0.42401960784313725,
        "recall_testcase": 0.15045871559633028,
        "recall_changed_testcase": 0.19759036144578312,
        "f1_testcase": 0.22196318346463473,
        "f1_changed_testcase": 0.2695651347730663
    }
}