{
    "rule_pre": 0.25,
    "rule_rec": 0.125,
    "rule_f1": 0.16666666666666666,
    "req_pre": 0.2222222222222222,
    "req_rec": 0.008695652173913044,
    "req_f1": 0.016736401673640166,
    "sce_pre": 0.25,
    "sce_rec": 0.008695652173913044,
    "sce_f1": 0.01680672268907563
}