{
    "dataset2": {
        "change": 0.75,
        "precision_testcase": 0.35714285714285715,
        "precision_changed_testcase": 0.25,
        "recall_testcase": 0.12162162162162163,
        "recall_changed_testcase": 0.04838709677419355,
        "f1_testcase": 0.1814516129032258,
        "f1_changed_testcase": 0.08108108108108107
    }
}