{
    "rule_pre": 1.0,
    "rule_rec": 0.6666666666666666,
    "rule_f1": 0.8,
    "req_pre": 0.6,
    "req_rec": 0.1388888888888889,
    "req_f1": 0.22556390977443608,
    "sce_pre": 0.6,
    "sce_rec": 0.1388888888888889,
    "sce_f1": 0.22556390977443608
}