{
    "rule_pre": 1.0,
    "rule_rec": 0.75,
    "rule_f1": 0.8571428571428571,
    "req_pre": 0.16216216216216217,
    "req_rec": 0.06451612903225806,
    "req_f1": 0.09230769230769231,
    "sce_pre": 0.0,
    "sce_rec": 0.0,
    "sce_f1": 0
}