{
    "rule_pre": 0.3333333333333333,
    "rule_rec": 0.125,
    "rule_f1": 0.18181818181818182,
    "req_pre": 0.2,
    "req_rec": 0.008695652173913044,
    "req_f1": 0.016666666666666666,
    "sce_pre": 0.0,
    "sce_rec": 0.0,
    "sce_f1": 0
}