{
    "testcase_reuse_precision": 0.20134228187919462,
    "testcase_reuse_recall": 0.9044117647058824,
    "testcase_reuse_f1": 0.32936136028919527,
    "scenario_reuse_precision": 0.22,
    "scenario_reuse_recall": 0.9615384615384616,
    "scenario_reuse_f1": 0.35807291666666663
}