{
    "dataset6": {
        "change": 0.6666666666666666,
        "precision_testcase": 0.6808510638297872,
        "precision_changed_testcase": 0.17647058823529413,
        "recall_testcase": 0.6372549019607843,
        "recall_changed_testcase": 0.16666666666666666,
        "f1_testcase": 0.6583320145592656,
        "f1_changed_testcase": 0.17142857142857143
    }
}