{
    "dataset5": {
        "change": 0.037037037037037035,
        "precision_testcase": 0.2767857142857143,
        "precision_changed_testcase": 0.10687022900763359,
        "recall_testcase": 0.3563218390804598,
        "recall_changed_testcase": 0.14583333333333334,
        "f1_testcase": 0.31155778894472363,
        "f1_changed_testcase": 0.12334801762114538
    }
}