{
    "rule_pre": 1.0,
    "rule_rec": 0.5833333333333334,
    "rule_f1": 0.7368421052631579,
    "req_pre": 0.5761589403973509,
    "req_rec": 0.03243744207599629,
    "req_f1": 0.06141713225357509,
    "sce_pre": 0.5761589403973509,
    "sce_rec": 0.05359877488514548,
    "sce_f1": 0.09807395001288326
}