{
    "dataset5": {
        "change": 0.7037037037037037,
        "precision_testcase": 0.3111111111111111,
        "precision_changed_testcase": 0.07407407407407407,
        "recall_testcase": 0.037333333333333336,
        "recall_changed_testcase": 0.011904761904761904,
        "f1_testcase": 0.06666666666666667,
        "f1_changed_testcase": 0.020512820512820513
    }
}