{
    "dataset2": {
        "change": 0.75,
        "precision_testcase": 0.32432432432432434,
        "precision_changed_testcase": 0.16666666666666666,
        "recall_testcase": 0.08333333333333333,
        "recall_changed_testcase": 0.023255813953488372,
        "f1_testcase": 0.13259668508287292,
        "f1_changed_testcase": 0.04081632653061224
    }
}