{
    "dataset2": {
        "change": 0.75,
        "precision_testcase": 0.2571428571428571,
        "precision_changed_testcase": 0.13333333333333333,
        "recall_testcase": 0.10810810810810811,
        "recall_changed_testcase": 0.03225806451612903,
        "f1_testcase": 0.1522198731501057,
        "f1_changed_testcase": 0.05194805194805195
    }
}