{
    "dataset6": {
        "change": 1.0,
        "precision_testcase": 0.8333333333333334,
        "precision_changed_testcase": 0,
        "recall_testcase": 0.19607843137254902,
        "recall_changed_testcase": 0.0,
        "f1_testcase": 0.31746031746031744,
        "f1_changed_testcase": 0
    }
}