{
    "dataset4": {
        "change": 0.6,
        "precision_testcase": 0.028169014084507043,
        "precision_changed_testcase": 0.0,
        "recall_testcase": 0.003205128205128205,
        "recall_changed_testcase": 0.0,
        "f1_testcase": 0.0057553956834532375,
        "f1_changed_testcase": 0
    }
}