{
    "rule_pre": 0.5,
    "rule_rec": 0.25,
    "rule_f1": 0.3333333333333333,
    "req_pre": 0.3333333333333333,
    "req_rec": 0.09565217391304348,
    "req_f1": 0.14864864864864866,
    "sce_pre": 0.3333333333333333,
    "sce_rec": 0.09565217391304348,
    "sce_f1": 0.14864864864864866
}