{
    "rule_pre": 0.9230769230769231,
    "rule_rec": 1.0,
    "rule_f1": 0.9600000000000001,
    "req_pre": 0.7777777777777778,
    "req_rec": 0.006487488415199258,
    "req_f1": 0.012867647058823529,
    "sce_pre": 0.7777777777777778,
    "sce_rec": 0.010719754977029096,
    "sce_f1": 0.021148036253776432
}