{
    "dataset6": {
        "precision_testcase": 0.9285714285714286,
        "recall_testcase": 0.9825174825174825,
        "f1_testcase": 0.9547830632514375
    }
}