{
    "dataset1": {
        "precision_testcase": 0.5657894736842105,
        "recall_testcase": 0.8189655172413793,
        "f1_testcase": 0.6692332896461337
    }
}