{
    "dataset2": {
        "precision_testcase": 0.5435897435897435,
        "recall_testcase": 0.5972222222222222,
        "f1_testcase": 0.5691452831366672
    }
}