{
    "dataset2": {
        "precision_testcase": 0.21621621621621623,
        "recall_testcase": 0.4189189189189189,
        "f1_testcase": 0.2852213916043704
    }
}