{
    "dataset3": {
        "precision_testcase": 0.7865707434052758,
        "recall_testcase": 0.7777777777777778,
        "f1_testcase": 0.7821495486288537
    }
}