{
    "dataset2": {
        "change": 1.0,
        "precision_testcase": 0.8255813953488372,
        "precision_changed_testcase": 0.7972972972972973,
        "recall_testcase": 0.9594594594594594,
        "recall_changed_testcase": 0.9516129032258065,
        "f1_testcase": 0.8875000000000001,
        "f1_changed_testcase": 0.8676470588235293
    }
}