{
    "dataset4": {
        "change": 1.0,
        "precision_testcase": 0.9191489361702128,
        "precision_changed_testcase": 0.9113924050632911,
        "recall_testcase": 0.9568965517241379,
        "recall_changed_testcase": 0.9285714285714286,
        "f1_testcase": 0.9376429870358421,
        "f1_changed_testcase": 0.91990171990172
    }
}