{
    "rule_pre": 0.8888888888888888,
    "rule_rec": 1.0,
    "rule_f1": 0.9411764705882353,
    "req_pre": 0.9902912621359223,
    "req_rec": 0.8695652173913043,
    "req_f1": 0.9260099863822061,
    "sce_pre": 0.9902912621359223,
    "sce_rec": 0.8695652173913043,
    "sce_f1": 0.9260099863822061
}