{
    "rule_pre": 0.8888888888888888,
    "rule_rec": 1.0,
    "rule_f1": 0.9411764705882353,
    "req_pre": 1.0,
    "req_rec": 0.9193548387096774,
    "req_f1": 0.9579831932773109,
    "sce_pre": 1.0,
    "sce_rec": 0.9193548387096774,
    "sce_f1": 0.9579831932773109
}