{
    "rule_pre": 1.0,
    "rule_rec": 1.0,
    "rule_f1": 1.0,
    "req_pre": 1.0,
    "req_rec": 0.9620018535681186,
    "req_f1": 0.98063297118564,
    "sce_pre": 1.0,
    "sce_rec": 0.9372128637059725,
    "sce_f1": 0.9675889328063241
}