{
    "rule_pre": 0.8333333333333334,
    "rule_rec": 1.0,
    "rule_f1": 0.9090909090909091,
    "req_pre": 0.9241706161137441,
    "req_rec": 0.9378238341968912,
    "req_f1": 0.9309471685173951,
    "sce_pre": 0.9241706161137441,
    "sce_rec": 0.9378238341968912,
    "sce_f1": 0.9309471685173951
}