{
    "testcase_reuse_precision": 0.21742605915267785,
    "testcase_reuse_recall": 1.0,
    "testcase_reuse_f1": 0.3571897570584373
}