{
    "testcase_reuse_precision": 0.18072289156626506,
    "testcase_reuse_recall": 1.0,
    "testcase_reuse_f1": 0.30612244897959184
}