{
    "rule_pre": 0.7777777777777778,
    "rule_rec": 0.175,
    "rule_f1": 0.2857142857142857
}