{
    "rule_pre": 0.1111111111111111,
    "rule_rec": 0.08333333333333333,
    "rule_f1": 0.09523809523809525
}