{
    "testcase_reuse_precision": 0.2665505226480836,
    "testcase_reuse_recall": 0.9503105590062112,
    "testcase_reuse_f1": 0.41632653061224484
}