{
    "rule_pre": 0.875,
    "rule_rec": 0.25925925925925924,
    "rule_f1": 0.39999999999999997
}