{
    "dataset5": {
        "change": 0.5418502202643172,
        "precision_testcase": 0.9032258064516129,
        "precision_changed_testcase": 0.9032258064516129,
        "recall_testcase": 0.8883826879271071,
        "recall_changed_testcase": 0.8883826879271071,
        "f1_testcase": 0.8957427610532361,
        "f1_changed_testcase": 0.8957427610532361
    }
}