{
    "testcase_reuse_precision": 0.8888888888888888,
    "testcase_reuse_recall": 1.0,
    "testcase_reuse_f1": 0.9411764705882353,
    "scenario_reuse_precision": 1.0,
    "scenario_reuse_recall": 0.8571428571428571,
    "scenario_reuse_f1": 0.923076923076923
}