{
    "testcase_reuse_precision": 0.6666666666666666,
    "testcase_reuse_recall": 1.0,
    "testcase_reuse_f1": 0.8,
    "scenario_reuse_precision": 0.8333333333333334,
    "scenario_reuse_recall": 0.875,
    "scenario_reuse_f1": 0.8536585365853658
}